0,1,2,3,4,5,6
$535.00,Apple 13in MacBook Air 2017 | A1466 | Intel Core i5 | 1.8 GHz | 8GB RAM | 128GBÂ ,Air,Pre-Owned,Pre-Owned Â· 2017 Â· 13 in Â· 128 GB,+$11.30 shipping,Aug-22 13:46
$541.00,"Apple MacBook 12'' 256 GB Gold Laptop - MLHE2LL/A (April, 2016) Low Cycle Count!",Reg,Refurbished,Refurbished Â· 2016 Â· 12 in Â· 256 GB,+$10.90 shipping,Aug-22 13:38
$699.95,"APPLE MACBOOK PRO A1708 13"" (2017) I5, 8 GB, 120GB (RANDI-REE) (PSH002924)",Pro,Pre-Owned,Pre-Owned Â· 2015 Â· 13.3 in,+$17.35 shipping,Aug-22 13:10
$620.00,"Apple MacBook 12 inch Laptop Gold- Early 2016 (1.1 Intel Core m3, 8 GB 1867 MHz",Reg,Pre-Owned,Pre-Owned Â· 2016 Â· 12 in Â· 8 GB,+$11.55 shipping,Aug-22 11:15
$700.00,"Apple 12â€ Macbook, 1.2 GHz Dual-Core Intel Core m3, 16GB RAM, 256 GB SSD",Reg,Pre-Owned,Pre-Owned Â· 2017 Â· 12 in Â· 256 GB,+$11.55 shipping,Aug-22 10:59
$700.00,Apple Macbook Air A1466 13inch Laptop - Silver,Air,Pre-Owned,Pre-Owned Â· 2017 Â· 13 in Â· 500 GB,Free shipping,Aug-22 09:59
$599.00,Apple MacBook Air 13-inch Space Gray APPLE COMPUTERÂ ,Air,Pre-Owned,Pre-Owned Â· 2019 Â· 13 in Â· 256 GB,+$17.00 shipping,Aug-22 09:50
$600.00,"Apple MacBook Air 13.3"" Laptop - MQD32LL/A (June, 2017, Silver)",Air,Pre-Owned,Pre-Owned Â· 2017 Â· 13.3 in Â· 256 GB,+$15.70 shipping,Aug-22 08:22
$598.45,"Apple MacBook Air MQD32LL/A Core i5 1.8 13"" 8GB 256GB SSD (2017)-qG9509",Air,Pre-Owned,Pre-Owned,Free shipping,Aug-22 00:25
$650.00,"Pristine Apple MacBook 12"" 8GB RAM 256GB SSD Laptop (2017, Retina, Barely Used)",Reg,Pre-Owned,Pre-Owned Â· 2017 Â· 12 in,+$15.00 shipping,Aug-21 19:06
$695.00,"Apple MacBook Air 13.3"" 1.8GHZ, 8GB, 256GB SSD MQD42LL/A 2017, GREAT CONDITION!",Air,Pre-Owned,Pre-Owned Â· 2017,Free shipping,Aug-21 18:49
$550.95,"Apple Macbook 12"" (Early 2016) - 1.3Ghz Core m7 - 8GB Ram, 500GB - READ",Reg,Pre-Owned,Pre-Owned Â· 2016 Â· 12 in Â· 500 GB,Free shipping,Aug-21 17:56
$450.00,"Apple MacBook 12"" (256GB, 1.1 GHz Dual-Core Intel Core m3, 8GB) Laptop",Reg,Pre-Owned,Pre-Owned Â· 2016 Â· 12 in Â· 256 GB,+$15.00 shipping,Aug-21 16:58
$369.95,"Apple MacBook Air A1370 13.3"" - Upgraded to 256 GB, Core i5 with MS Office 2016",Air,Pre-Owned,Pre-Owned,+$31.65 shipping,Aug-21 14:00
$629.95,"ğŸ 2017 Apple MacBook Air 13.3"" 128 GB MQD32LL/A 1.8GHz i5 8 GB ğŸLOW 66 CYCLES!",Air,Pre-Owned,Pre-Owned Â· 2017 Â· 13.3 in Â· 128 GB,+$29.95 shipping,Aug-21 13:43
$609.95,"GREAT 2016 Apple MacBook 12"" Retina - Gold (256 GB SSD, 8 GB RAM, 1.1 GHz m3)",Reg,Pre-Owned,Pre-Owned Â· 2016 Â· 12 in Â· 256 GB,+$12.55 shipping,Aug-21 13:31
$609.99,MacBook 12 Silver Early 2016 MLHA2LL/A 1.1GHz m3 8GB 256GB - Good Cond. - READ,Reg,Pre-Owned,Pre-Owned Â· 2016 Â· 12 in Â· 256 GB,Free shipping,Aug-21 13:19
$689.99,MacBook 12 Space Gray 2017 MNYF2LL/A* 1.2GHz m3 8GB 256GB Good Condition - READ,Reg,Pre-Owned,Pre-Owned Â· 2017 Â· 12 in Â· 256 GB,Free shipping,Aug-21 13:16
$650.00,Apple Macbook 2017 Core M3-7Y32 8GB RAM 256GB SSD PC816503,Reg,Pre-Owned,Pre-Owned,Free shipping,Aug-21 12:58
$699.99,"Apple 12"" MacBook (2017),1.2GHz Intel Core m3, 8GB RAM, 256GB SSD, Space Gray",Reg,Pre-Owned,Pre-Owned Â· 2017 Â· 12 in Â· 256 GB,+$20.00 shipping,Aug-21 12:08
$699.99,"13"" Apple MacBook Pro 2016 Retina 2.0 GHz Core i5 256GB SSD 8GB A1708  MLL42LL/A",Pro,Pre-Owned,Pre-Owned Â· 2016 Â· 13.3 in Â· 256 GB,Free shipping,Aug-21 11:07
$606.13,12 Retina Macbook Early 2016 8GB RAM 512GB SSD,Reg,Pre-Owned,Pre-Owned,+$34.09 shipping,Aug-21 10:54
$540.00,"Apple MacBook 12"" RETINA Core m3 1.1 GHz 256GB SSD 8GB RAM 2016 VALUE",Reg,Pre-Owned,Pre-Owned Â· 2016 Â· 12 in Â· 256 GB,+$29.00 shipping,Aug-21 09:40
$699.99,Apple MacBook M7-6Y75 8GB/512GB/BT4/WiFiAC/12 (space gray) early 2016 G0SL0LL/A,Reg,Pre-Owned,Pre-Owned Â· 2016 Â· 12 in Â· 512 GB,Free shipping,Aug-21 07:28
$569.00,"Apple MacBook 12 inch Laptop - MNYF2LL/A (June, 2017, Space Gray)",Reg,Pre-Owned,Pre-Owned Â· 2017 Â· 12 in,+$12.25 shipping,Aug-20 23:21
